,Algorithm,ProofType,TotalCoinsMined,TotalCoinSupply,PC1,PC2,PC3,CoinName,class
42,Scrypt,PoW/PoS,41.99995383,42.0,-0.33080856332075026,0.9686234839606783,-0.6287177066827228,42 Coin,0
404,Scrypt,PoW/PoS,1055184902.04,532000000.0,-0.31415827512332417,0.9689380493419512,-0.6289730554250073,404Coin,0
1337,X13,PoW/PoS,29279424622.5027,314159265359.0,2.305289956530798,1.6820582371216064,-0.6931942469027339,EliteCoin,4
BTC,SHA-256,PoW,17927175.0,21000000.0,-0.1443382254083171,-1.3166770253358755,0.1958566097750776,Bitcoin,1
ETH,Ethash,PoW,107684222.6865,0.0,-0.15226477599463822,-2.045516493696007,0.4184442634257747,Ethereum,1
LTC,Scrypt,PoW,63039243.30000489,84000000.0,-0.1653947110482504,-1.168027884384583,-0.029042351591583367,Litecoin,1
DASH,X11,PoW/PoS,9031294.37563393,22000000.0,-0.3939154222500852,1.2764730626930696,-0.5014333654928973,Dash,0
XMR,CryptoNight-V7,PoW,17201143.1449131,0.0,-0.14957115771202487,-2.230810120243221,0.45011749748412916,Monero,1
ETC,Ethash,PoW,113359703.0,210000000.0,-0.150708434691131,-2.045596992130156,0.418436851113282,Ethereum Classic,1
ZEC,Equihash,PoW,7383056.25,21000000.0,-0.14242580367406885,-2.004877282167408,0.38933706823210235,ZCash,1
BTS,SHA-512,PoS,2741570000.0,3600570502.0,-0.2739155319392954,1.5607157060201868,-0.17087270743908234,Bitshares,0
DGB,Multiple,PoW,11406219141.0,21000000000.0,0.1613475481924899,-1.8635500394660218,0.39882726319611145,DigiByte,1
BTCD,SHA-256,PoW/PoS,1288862.0,22000000.0,-0.3085836539883926,0.8199637312789324,-0.4038317701083644,BitcoinDark,0
XPY,SHA-256,PoS,11995334.8847328,12500000.0,-0.271949035264918,0.6504352078691819,-0.07581750099784182,PayCoin,0
PRC,Scrypt,PoW,5768310.0,21000000.0,-0.16654006509178998,-1.1680314170911208,-0.029027497468119008,ProsperCoin,1
KOBO,X15,PoW/PoS,25542535.5881841,350000000.0,-0.23569362213239842,1.8519733943375418,-0.6521280817755577,KoboCoin,0
SPR,X11,PoW,11149733.9976203,20000000.0,-0.22985435279295874,-0.8601745304407726,0.098258343848232,Spreadcoin,1
ARG,Scrypt,PoW,12205795.444954902,64000000.0,-0.1661569770239626,-1.1680452720967813,-0.029030214294404423,Argentum,1
AUR,Scrypt,PoW/PoS,18135099.992959,16768584.0,-0.3304684053506206,0.9686258646523472,-0.6287223175692149,Aurora Coin,0
BLU,Scrypt,PoW/PoS,635423900.0,0.0,-0.3230504632222264,0.9689400305895531,-0.6288621357523474,BlueCoin,0
XMY,Multiple,PoW,1688254250.0,2000000000.0,-0.09184469610612357,-1.8608522020676816,0.4015900366537957,MyriadCoin,1
MOON,Scrypt,PoW,88.0,384000000000.0,2.5524133463692675,-1.3203930728844406,-0.0402206380586392,MoonCoin,4
ZET,SHA-256,PoW,170204389.754849,169795588.0,-0.14142537432648994,-1.3166602064991568,0.19581765986984284,ZetaCoin,1
SXC,Scrypt,PoW,128940951.183046,250000000.0,-0.1634146196334268,-1.1680609214231479,-0.029062170295122126,SexCoin,1
QTL,Scrypt,PoW,7357794.7925,100000000.0,-0.16596124544420876,-1.168061971623276,-0.02903016190224756,Quatloo,1
ENRG,Scrypt,PoW/PoS,123062801.128773,0.0,-0.32930604962171195,0.9686847896696006,-0.6287456783097798,EnergyCoin,0
QRK,Quark,PoW,259557164.91477,247000000.0,-0.22910653179676044,-0.43834817329913434,0.0635421540670103,QuarkCoin,1
RIC,Groestl,PoW,49548585.14129171,84000000.0,-0.19380342529505373,-1.2826349561540964,0.13282679154278074,Riecoin,1
DGC,Scrypt,PoW,33442988.3440364,48166000.0,-0.16600980848035368,-1.1680284096849027,-0.02903457979423834,Digitalcoin ,1
BTB,Scrypt,PoW/PoS,42579.476901,500000.0,-0.3308045036747634,0.9686233067733908,-0.6287177309269874,BitBar,0
CAT,Scrypt,PoW,7219956.64626131,21000000.0,-0.16652234145696054,-1.1680306939300023,-0.029027827421068804,Catcoin,1
CBX,Scrypt,PoW/PoS,1039116.65144562,1000000.0,-0.3307887960330024,0.9686236048197274,-0.6287179720124458,CryptoBullion,0
CCN,Scrypt,PoW,4703879.51824446,13140000.0,-0.16660871913915976,-1.1680288285898992,-0.029027026378749703,CannaCoin,1
CRYPT,X11,PoW,4996986.20575291,18000000.0,-0.22994363608612395,-0.8601768019522956,0.09825980064858789,CryptCoin,1
CSC,Scrypt,PoC,39999997299.8568,40000000000.0,0.6377020229561954,0.6297264235702185,-0.33602045658787083,CasinoCoin,0
DMD,Groestl,PoW/PoS,3304487.74735637,4380000.0,-0.35898120531540545,0.8540230410214955,-0.4668525086946802,Diamond,0
XVG,Multiple,PoW,15929530669.1206,16555000000.0,0.1850983187826379,-1.8595329503832374,0.3979287229145321,Verge,1
DVC,SHA-256,PoW,18773857500.0,21000000000.0,0.23321518536200622,-1.3156577010731254,0.19098185080842117,DevCoin,1
EAC,Scrypt,PoW,12539015186.821999,13500000000.0,0.08192970318972263,-1.1671361024345315,-0.032269214041794385,EarthCoin,1
EFL,Scrypt,PoW,20910478.806249898,21000000.0,-0.1663551893362891,-1.1680238737762503,-0.02903093921703006,E-Gulden,1
EMC2,Scrypt,PoW,218871896.499999,299792458.0,-0.1619640336454205,-1.1680358779943067,-0.029084062846636664,Einsteinium,1
EMD,Scrypt,PoW,19496786.31025,32000000.0,-0.16629455661287137,-1.168028942712876,-0.029030938582828007,Emerald,1
EXCL,PoS,PoS,5679705.0,0.0,-0.3659331780981512,1.6243053883089376,-0.0750361267153706,Exclusive Coin,0
FLT,Scrypt,PoS/PoW/PoT,461829905.32892996,0.0,-0.2734993644176278,0.223628692030634,-0.4137404057346709,FlutterCoin,0
FRK,Scrypt,PoW,1142732.14912776,11235813.0,-0.16666568225522063,-1.1680298470715789,-0.02902616143117808,Franko,1
FTC,NeoScrypt,PoW,208669093.00773,336000000.0,-0.1705085257633894,-1.6479252603779706,0.2467539501723881,FeatherCoin,1
GDC,Scrypt,PoW,884125802.0,1420609614.0,-0.14590502197431257,-1.1681491993880302,-0.029267948250103835,GrandCoin,1
GLC,Scrypt,PoW,65672720.470874794,70000000.0,-0.16546169455194942,-1.1680210174245234,-0.029042542016083785,GlobalCoin,1
GLD,Scrypt,PoW,41658647.9999715,72245700.0,-0.1657389881159737,-1.1680338714907301,-0.029037149192890195,GoldCoin,1
HBN,Scrypt,PoW/PoS,89266933.684704,120000000.0,-0.3288689331443023,0.9686203389914234,-0.6287414951140187,HoboNickels,0
HYP,X11,PoS,1678520090.7713,0.0,-0.3371166953215169,1.1077758482373137,-0.1737957659453189,HyperStake,0
IFC,Scrypt,PoW,90595753018.6314,90600000000.0,1.580909137308627,-1.158843343140224,-0.05225892894994263,Infinite Coin,1
IOC,X11,PoW/PoS,17650913.974345602,22000000.0,-0.39381018245875593,1.2764773566951726,-0.5014353246948285,IOCoin,0
IXC,SHA-256,PoW,21089348.999,21000000.0,-0.14429961737834657,-1.3166754500480513,0.1958558910267228,IXcoin,1
KGC,Scrypt,PoW,151447649.8,265420800.0,-0.16303063045627886,-1.1680558281587203,-0.029067735544639227,KrugerCoin,1
LKY,Scrypt,PoW,19326319.14375,20000000.0,-0.16638161204493054,-1.1680242661614972,-0.029030549990637484,LuckyCoin,1
LTB,Scrypt,PoW,1104344.22938102,1350000.0,-0.16673615415247856,-1.1680259436097096,-0.029025864496635058,Litebar ,1
MAX,SHA3,PoW/PoS,61445805.0,100000000.0,-0.4474818012540657,2.1518132629344073,-0.5995927336219469,MaxCoin,0
MEC,Scrypt,PoW,38151999.993099704,42000000.0,-0.16599597714365624,-1.1680236172118275,-0.029035470369636378,MegaCoin,1
MED,HybridScryptHash256,PoW,40431856.9,200000000.0,-0.15764976936553443,-2.092758017574356,0.454134837999528,MediterraneanCoin,1
MINT,Scrypt,PoS,21293925445.4969,0.0,-0.03425280272218475,0.809693768804102,-0.30554129734581287,MintCoin,0
MINC,Scrypt,PoW,5804204.88794916,10000000.0,-0.1666175198026637,-1.1680270345265282,-0.029027184934935467,MinCoin,1
MZC,SHA-256,PoW/PoS,1613836099.99999,2419200000.0,-0.27192052943876655,0.8198158641570985,-0.404268182579506,MazaCoin,0
NAUT,Scrypt,PoS,16180000.0,16180000.0,-0.29392527263779744,0.7990874977214099,-0.30070543034016317,Nautilus Coin,0
NAV,X13,PoW/PoS,66087096.20771079,0.0,-0.27600319368030124,1.792160197623362,-0.6773952424822849,NavCoin,0
NOBL,Scrypt,PoW,2366066305.76482,15000000000.0,-0.031653432216505684,-1.1727991045386792,-0.03000067785963157,NobleCoin,1
NMC,SHA-256,PoW,14736400.0,21000000.0,-0.14437718263738403,-1.3166786148717475,0.19585733502431515,Namecoin,1
NYAN,Scrypt,PoW,334709223.48313797,337000000.0,-0.16028626409751096,-1.16799293532409,-0.02911147690740725,NyanCoin,1
OPAL,X13,PoW/PoS,15156364.3306548,0.0,-0.27662502385895427,1.7921348256603329,-0.6773836661491175,OpalCoin,0
ORB,NeoScrypt,PoW/PoS,3220616.279225,3770000.0,-0.33941886129466303,0.4887536595367395,-0.3528817990596707,Orbitcoin,0
POT,Scrypt,PoW/PoS,222677226.014206,420000000.0,-0.3251157291382019,0.9685677626652618,-0.6287805648351363,PotCoin,0
PXC,Scrypt,PoW/PoS,73959274.625,98000000.0,-0.329211615352039,0.9686214426008763,-0.6287373743660251,PhoenixCoin,0
RDD,Scrypt,PoW/PoS,29315567169.0888,0.0,0.02711490757712908,0.9832275051236241,-0.6353810071985816,Reddcoin,0
RPC,Scrypt,PoW,1104157.42169891,21000000.0,-0.16659701127583523,-1.1680337406137253,-0.0290264373265856,RonPaulCoin,1
SBC,Scrypt,PoW,24215181.725,250000000.0,-0.16469325124800624,-1.1681130922491494,-0.029038366584596707,StableCoin,1
SMC,Scrypt,PoW,25593737.1355044,51200000.0,-0.1660841582932311,-1.1680335237745278,-0.029032884146347908,SmartCoin,1
SUPER,X11,PoS,50707661.74935179,0.0,-0.3569911965557774,1.106964927301261,-0.1734257712816307,SuperCoin,0
SYNC,X11,PoW/PoS,1177.0,1000.0,-0.3941814527904959,1.2764772931640633,-0.5014306716318961,SyncCoin,0
SYS,SHA-256,PoW,563336541.299966,888000000.0,-0.13153976000726494,-1.31674933726657,0.19570736425025897,SysCoin,1
TES,Multiple,PoS,80260463.7331396,100000000.0,-0.2524096601451669,0.10621246529580411,0.1303352120080577,TeslaCoin,0
TGC,SHA-256,PoW,43536800.0,47011968.0,-0.14384135362388453,-1.3166745887615652,0.19585003047100674,TigerCoin,1
TIT,PHI1612,PoS,1622326490.46336,2300000000.0,-0.3252160093178783,1.6595116504915293,-0.27699812425142434,TittieCoin,0
TOR,X11,PoW/PoS,1431851.00002479,10000000.0,-0.39409318051387415,1.276474038380495,-0.5014312883268238,TorCoin,0
TRC,SHA-256,PoW,22935396.0,42000000.0,-0.14412837363051334,-1.316682862986647,0.19585485919823528,TerraCoin,1
UNB,SHA-256,PoW,2278150.0,80000000.0,-0.1441115000077617,-1.3167082317216405,0.19585844665526628,UnbreakableCoin,1
UNO,SHA-256,PoW,200911.79151896,250000.0,-0.14470158568226135,-1.3166776225796712,0.19586124381897765,Unobtanium,1
URO,X11,PoW,1207310.0,0.0,-0.23011736671134825,-0.8601715476319259,0.09826118679407767,UroCoin,1
USDE,Scrypt,PoW/PoS,1098952592.6,1600000000.0,-0.3060612022558095,0.9685360818826281,-0.6290141399016383,UnitaryStatus Dollar,0
UTC,Scrypt,PoW/PoS,50235211.141939,100000000.0,-0.3294871079458082,0.9686088304984563,-0.6287320402975176,UltraCoin,0
VIA,Scrypt,PoW,23150892.167968698,23000000.0,-0.16631367303032368,-1.1680235512570325,-0.029031506760837773,ViaCoin,1
VRC,Scrypt,PoST,32021108.413669605,0.0,-0.2767948705263141,0.18328591589595605,-0.3866231270655517,VeriCoin,0
VTC,Lyra2REv2,PoW,51173723.81663471,84000000.0,-0.18652376857173183,-1.3293568203156065,0.20776637916285373,Vertcoin,1
WDC,Scrypt,PoW,119606941.0,265420800.0,-0.16341938421872898,-1.168071690119794,-0.029060498290435964,WorldCoin,1
XC,X11,PoW/PoS,6950831.0970606,5500000.0,-0.394057662760682,1.2764785733013002,-0.5014324115747678,X11 Coin,0
XCR,Multiple,PoS,100000000.0,0.0,-0.25287677145681675,0.10626197779935434,0.1303336406788063,Crypti,0
XJO,SHA-256,PoW,39195739.362088,45000000.0,-0.14390860217592596,-1.3166759530032262,0.19585107583168898,JouleCoin,1
XST,X13,PoW/PoS,33093725.4123502,0.0,-0.2764060206749254,1.792143761445181,-0.6773877432330386,StealthCoin,0
ZCC,Scrypt,PoW/PoS,147990237.978331,1000000000.0,-0.32192052379116215,0.9683004183115342,-0.6287804980196998,ZCC Coin,0
BCN,CryptoNight,PoW,184066828814.0,184467440735.0,3.8524479199650443,-2.270762180805081,0.39217097367466125,ByteCoin,4
XDN,CryptoNight,PoW,6906587610.38292,10000000000.0,0.4540047530373575,-2.289790579200927,0.4375251146428466,DigitalNote ,1
BURST,Shabal256,PoC,1813033920.0,2158812800.0,-0.06929852365511101,1.4630441666230918,-0.12786804144046868,BurstCoin,0
SJCX,Counterparty,PoS,51173144.0,500000000.0,-0.35860120169039433,1.6309501919276779,-0.12094643763581492,StorjCoin,0
MONA,Scrypt,PoW,68194674.8711679,105120000.0,-0.1651822121863935,-1.1680336963147648,-0.029044139127203793,MonaCoin,1
NTRN,SHA-256,PoW/PoS,39121694.0,68000000.0,-0.3077960061978236,0.8199643260018975,-0.4038417104213945,Neutron,0
FAIR,Groestl,PoW/PoS,53193831.0,0.0,-0.3584031053572872,0.85404963213744,-0.4668637206310585,FairCoin,0
NLG,Scrypt,PoW,415032420.0,1680000000.0,-0.1497955488607497,-1.1684858091447514,-0.029168887589441507,Gulden,1
RBY,Scrypt,PoS,27184490.3918338,0.0,-0.2939054886369161,0.799099399837116,-0.30070745990413894,RubyCoin,0
PTC,Scrypt,PoW,137517654.41397,166386000.0,-0.16390198948098805,-1.1680234716548465,-0.029061682075490876,PesetaCoin,1
KORE,X13,PoW/PoS,2022464.886973,12000000.0,-0.27670040584652705,1.7921235213247988,-0.6773810307168187,Kore,0
WBB,Scrypt,PoW,181919.2435974,2628000.0,-0.16673836659860852,-1.1680269102273524,-0.029025692092031978,Wild Beast Coin,1
NOTE,Scrypt,PoS,174646113.934655,500000000.0,-0.28856449157374053,0.7989744655352266,-0.3007555541939959,Dnotes,0
FLO,Scrypt,PoW,152270664.860648,160000000.0,-0.16376708549469937,-1.1680135883086074,-0.029064849194159352,Flo,1
8BIT,Scrypt,PoW/PoS,1467841.0,0.0,-0.33079064277389175,0.968624215185017,-0.6287180403058077,8BIT Coin,0
STV,X13,PoW/PoS,7096834.0,10000000.0,-0.2766526135498975,1.7921268427820893,-0.6773821257911563,Sativa Coin,0
ABY,Scrypt,PoW,792537250.0,1000000000.0,-0.15000166870236936,-1.168027932277711,-0.029234868198068593,ArtByte,1
FLDC,Stanford Folding,PoW,719416990.0,1000000000.0,-0.12999926545354903,-2.1798749209812307,0.5158550415542472,Folding Coin,1
U,X11,PoS,2689812.0,20000000.0,-0.35743583882159236,1.1069330706500706,-0.17341544011010881,Ucoin,0
UIS,Multiple,PoW,65113302.0,0.0,-0.1258245186723115,-1.8608672171072365,0.4020172771347703,Unitus,1
CYP,QuBit,PoW,6365285.0,0.0,-0.1837070038500316,-1.543592234491077,0.2246990722958806,CypherPunkCoin,1
OMC,Scrypt,PoW,10140044.443029301,3371337.0,-0.1666115208469786,-1.1680222443753756,-0.02902797720155425,OmniCron,1
VTR,Scrypt,PoW/PoS,11604722.0,20000000.0,-0.3305252546655373,0.9686213292480528,-0.6287209274508816,Vtorrent,0
GRE,Scrypt,PoW,4610340640.89,10000000000.0,-0.03965823581746835,-1.1696971363838762,-0.030365022563867604,GreenCoin,1
XCN,M7 POW,PoW,708506520.0,1840000000.0,-0.11215245762184652,-2.200535815168669,0.43880256920442573,Cryptonite,1
MSC,Scrypt,PoW,619478.0,619478.0,-0.1667472470015845,-1.1680258952902602,-0.029025732991155108,MasterCoin,1
SOON,SHA-256,PoW,12462620.0,21000000.0,-0.14440494397069925,-1.3166797475918164,0.19585785184458965,SoonCoin,1
1CR,Scrypt,PoW,88213.0,92000000000.0,0.484710301576708,-1.2045305354093028,-0.03170774490577536,1Credit,1
ISL,X11,PoW/PoS,1513704.0,0.0,-0.39416299292843665,1.2764780470504986,-0.501431015393531,IslaCoin,0
NXS,SHA3,PoW/nPoS,63657220.0,78000000.0,-0.5028186569124397,2.5918052690637925,-0.31264734833636615,Nexus,0
MARS,X11,PoW,32221574.820996,33000000.0,-0.2295050243868781,-0.8601691914261405,0.09825317531118047,MarsCoin ,1
CTO,Lyra2RE,PoW,13742738.0,65789100.0,-0.15742048179009513,-2.1436365502270984,0.4526087847060941,Crypto,1
ACP,SHA-256,PoW,14747200.0002,53760000.0,-0.14414507136908514,-1.3166916083110387,0.19585637749063223,Anarchists Prime,1
DRZ,QUAIT,PoW/PoS,8568038.35935056,5060000.0,-0.4025219971929906,1.8764757664717933,-0.7968548844031924,Droidz,0
BSC,X11,PoW,15863837.5,21000000.0,-0.22978971556303718,-0.8601725788236737,0.09825724319925919,BowsCoin,1
SQL,X11,PoS/PoW,329200.01639,0.0,-0.34923896125230847,1.0343881861718756,-0.19999088428824752,Squall Coin,0
SONG,Scrypt,PoW,32565300.0,210240000.0,-0.1648728495446114,-1.1680931561584489,-0.029039105374476813,Song Coin,1
ZNY,Scrypt,PoW,75614500.0,250000000.0,-0.16406569994277975,-1.1680874868522715,-0.02905004942540803,BitZeny,1
DIGS,Scrypt,PoS,100000000.0,100000000.0,-0.29230834210702833,0.7990959951179143,-0.30072692593303807,Diggits,0
EXP,Ethash,PoW,10495278.0,16906397.0,-0.15333167080378335,-2.0455716182100314,0.418465861162985,Expanse,1
CON,X13,PoW/PoS,23042604.0,50000000.0,-0.27617467922136457,1.7921189148493537,-0.6773869163476038,Paycon,0
SC,Blake2b,PoW,33098296530.0,0.0,0.3754821552791502,-2.2116098951858105,0.44376987583287164,Siacoin,1
EMC,SHA-256,PoW/PoS,43059794.804778,1000000000.0,-0.3011482662624417,0.8195964801451666,-0.40386977688756437,Emercoin,0
EGC,X15,PoW/PoS,13530556.4180753,26298000.0,-0.2381324720070213,1.8520958518868849,-0.6521159143577555,EverGreenCoin,0
MND,X11,PoW,15867695.0,16000000.0,-0.22982507435802013,-0.8601705929551903,0.09825738809152762,MindCoin,1
I0C,SHA-256,PoW,20997476.865023103,21000000.0,-0.1443007390756672,-1.3166754958156321,0.19585591190885807,I0coin,1
DCR,BLAKE256,PoW/PoS,10365046.928166099,21000000.0,-0.07190305394027655,0.9431398703849185,-0.42521789758929485,Decred,0
RVR,Scrypt,PoW,210000000.0,210000000.0,-0.16270818999168024,-1.1680046689801222,-0.02907942851080244,Revolution VR,1
HODL,1GB AES Pattern Search,PoW,11448949.0,81962100.0,-0.15597436893019834,-2.1567710910368687,0.41848512764025264,HOdlcoin,1
EDRC,SHA-256,PoW/PoS,3669691.84494672,22000000.0,-0.3085545856480554,0.8199649173276023,-0.40383231126060165,EDRCoin,0
HTC,X11,PoW/PoS,10996318099.0,26550000000.0,-0.07191849447078992,1.2714205281023698,-0.5047041201828363,Hitcoin,0
GAME,Scrypt,PoW,69836100.0,84000000.0,-0.16531172597302626,-1.1680244984211274,-0.02904389648745958,Gamecredits,1
DBIC,SHA-256,PoW/PoS,5129014.0,10500000.0,-0.30861820185309663,0.8199702073900571,-0.40383230768932,DubaiCoin,0
DIEM,SHA-256,PoW,21739971929.0,21626280000.0,0.2738642595568563,-1.3144285847178085,0.19028940748901055,CarpeDiemCoin,1
PWR,NIST5,PoW/PoS,10069449031.9252,0.0,-0.22454420070731984,1.476751434386463,-0.6177357081226248,PWR Coin,0
BLRY,Scrypt,PoW/PoS,8998743.2411911,42000000.0,-0.3304012859966498,0.9686113016718768,-0.6287209765071485,BillaryCoin,0
GPU,Scrypt,PoS,40477042.0,221052632.0,-0.29217788232642516,0.7990183104027168,-0.30071692577006537,GPU Coin,0
ADZ,X11,PoW,45110324.0,84000000.0,-0.22898652127487606,-0.8601830069459306,0.09824875891029416,Adzcoin,1
SOIL,Dagger,PoW,5702048.0,30000000.0,-0.15218286861442895,-2.215791390396531,0.466947685585621,SoilCoin,1
YOC,Scrypt,PoW,636462.55983338,168351300.0,-0.1655593006604782,-1.1680924410316926,-0.029030626873722022,YoCoin,1
SIB,X11GOST,PoW,17263355.0,24000000.0,-0.1484195815225991,-2.2763408746522917,0.44991176569323243,SibCoin,1
ERC,X11,PoW/PoS,10407269.788186802,384000000.0,-0.39133523589497987,1.2763301104084634,-0.5014442319261482,EuropeCoin,0
ZEIT,Scrypt,PoS,36971236046.8073,99000000000.0,0.8581933473179078,0.778221526370659,-0.3119909090671746,ZeitCoin,0
SWING,SHA-256,PoW/PoS,4377081.60953993,40000000.0,-0.30841848767914154,0.8199581275166802,-0.40383299681583,SwingCoin,0
SAFEX,Scrypt,PoC,2147483647.0,2147483647.0,-0.0924922814379082,0.6258890610386187,-0.32631320021265614,SafeExchangeCoin,0
NEBU,PoS,PoS,20000000.0,20000000.0,-0.3656167133023209,1.624304586406925,-0.07503996473219642,Nebuchadnezzar,0
FRN,Scrypt,PoW,6570807.65677618,20000000.0,-0.16653734831052952,-1.1680306205246478,-0.029027650718523167,Francs,1
BOLI,X11,PoW,13654082.4987998,25000000.0,-0.22978837047994788,-0.8601752668061057,0.09825762885168168,BolivarCoin,1
XRA,X11,PoW/PoS,134554941.15118998,75000000.0,-0.39200756000080395,1.2765145644799156,-0.5014634416222554,Ratecoin,0
REV,SHA-256,PoW/PoS,1195525.0,222725000.0,-0.30716342401720154,0.8198840392370067,-0.4038376007922397,Revenu,0
CKC,SHA-256,PoW/PoS,16662820.0,525000000.0,-0.304834115458505,0.8197718050144543,-0.4038499289095206,Clockcoin,0
VIP,NIST5,PoW/PoS,83450403.0,90000000.0,-0.34582926022824634,1.4717410375562894,-0.6154685580418872,VIP Tokens,0
BSD,X11,PoW/PoS,24387724.5010828,139000000.0,-0.39289943262315913,1.2764342883903594,-0.5014402669385073,BitSend,0
OMNI,Scrypt,PoW,616448.0,616448.0,-0.16674730545182914,-1.1680258955974316,-0.029025732214113274,Omni,1
LIR,POS 3.0,PoS,38589808.6658096,33500000.0,-0.3587853792660997,1.6014323677340234,-0.13540297175121294,Let it Ride,0
PUT,Scrypt,PoW/PoS,813092338.575672,2000000000.0,-0.30671889340338016,0.9682349602559516,-0.6289608266378897,PutinCoin,0
IBANK,Scrypt,PoW/PoS,4526324.0,44333333.0,-0.33043936849739886,0.9686081478226058,-0.6287200279713184,iBankCoin,0
FRWC,Scrypt,PoW/PoS,100000000.0,100000000.0,-0.32887951315174674,0.9686336216282226,-0.6287433516169232,Frankywillcoin,0
MUDRA,X13,PoS,5000000.0,200000000.0,-0.2387616195319784,1.6225127817215117,-0.3493707627303821,MudraCoin,0
PIZZA,X11,PoW,1377917.0,25000000.0,-0.22993825425157166,-0.8601813823753445,0.09826041917054407,PizzaCoin,1
LC,X11,PoS,657000000.0,657000000.0,-0.3449364382639661,1.107006270967943,-0.1735827329397911,Lutetium Coin,0
KMD,Equihash,dPoW/PoW,115898131.0,200000000.0,-0.221893517161365,-1.284809162467244,0.3456254634604278,Komodo,1
GB,X11,PoW/PoS,15563873.0,50000000.0,-0.3936373908355616,1.2764652069000288,-0.5014356666262635,GoldBlocks,0
CTC,Scrypt,PoW/PoS,43165500.0,90000000.0,-0.32964423617626654,0.9686092765017885,-0.6287301418448943,CarterCoin,0
KRB,CryptoNight,PoW,7822432.72439746,10000000.0,0.2990344702756489,-2.289263384281463,0.439384420456048,Karbo,1
BXT,SHA-256,PoW/PoS,595429.0,21000000.0,-0.30859920152011716,0.8199637826234949,-0.4038315833402564,BitTokens,0
ZYD,SHA-256,PoW,6243840.0,9736000.0,-0.14456063351055382,-1.3166783761417002,0.1958595937346953,ZayedCoin,1
MST,X11,PoW/PoS,657636.34549789,3000000.0,-0.39415220140655555,1.2764764302185465,-0.5014309082745245,MustangCoin,0
ZNE,Scrypt,PoW/PoS,2581970.0,21000000.0,-0.3306283352554145,0.9686164376297004,-0.6287189057725266,ZoneCoin,0
COVAL,Multiple,PoW,1000000000.0,1200000000.0,-0.10591276305704865,-1.860877635499912,0.40176979689208786,Circuits of Value,1
ROOT,Scrypt,PoW/PoS,1939889.0,0.0,-0.33078487938347195,0.9686244503433185,-0.6287181476002588,RootCoin,0
DOPE,Scrypt,PoW,116845228.0,200000000.0,-0.16391635924982192,-1.1680471076340677,-0.029057963299397353,DopeCoin,1
BTCR,Scrypt,PoS,169598616.0,0.0,-0.2921667073960847,0.7991703457237466,-0.3007398300135996,BitCurrency,0
DLC,SHA-256,PoW,9106714.0,10638298.0,-0.14451929040023379,-1.3166773079772307,0.19585891671049804,DollarCoin,1
SCN,Scrypt,PoW/PoW,665200057.0,3100000000.0,-0.23027393604139654,0.11294648947395607,-0.40843267236155056,Swiscoin,0
SH,Scrypt,PoW,11119200.0,30000000.0,-0.16641100369658843,-1.1680323225634814,-0.029028976086382878,Shilling,1
BUZZ,SHA-256D,PoW/PoS,19577787259.0,20000000000.0,0.044107980932896355,1.9180948146090138,-0.7694321007626652,BuzzCoin,0
XPO,PoS,PoS,74033806.79496829,74000000.0,-0.3645746130151907,1.6243100775910968,-0.07505382068661787,Opair,0
PSB,Scrypt,PoW/PoS,33522957.0,0.0,-0.3303992712429045,0.9686401839564851,-0.6287253262938322,PesoBit,0
HALLO,X11,PoW/PoS,264678458.28861898,1500000000.0,-0.3803281595142751,1.276013962762092,-0.5015345623125161,Halloween Coin,0
XZC,Lyra2Z,PoW,7568281.24956067,21400000.0,-0.1530972514766971,-2.2237864856987217,0.4171843074986141,ZCoin,1
CFC,PoS,PoS,148716816.0,39999898.0,-0.36390354420473087,1.6243607730117688,-0.07506980457621018,CoffeeCoin,0
ROYAL,X13,PoS,2500124.0,2500124.0,-0.2401906732210937,1.6225899022177908,-0.3493644366451646,RoyalCoin,0
GNJ,X14,PoW/PoS,100000000.0,100000000.0,-0.3972748965382152,1.802500486988699,-0.7836493944126318,GanjaCoin V2,0
TEAM,PoS,PoS,17818682.1654,301000000.0,-0.36365353457713884,1.624192001937774,-0.07504766114941702,TeamUP,0
LANA,SHA-256D,PoW/PoS,1082162635.5368302,7506000000.0,-0.27018347175314933,1.9138384080842903,-0.7648638782434931,LanaCoin,0
ELE,Ethash,PoW,26205539.0,26205539.0,-0.15307401013812336,-2.045567481691517,0.4184620191837565,Elementrem,1
ZCL,Equihash,PoW,5613550.0,21000000.0,-0.14244740816210605,-2.0048781636753996,0.38933747043315337,ZClassic,1
ARK,DPoS,DPoS,108202084.0,125000000.0,3.7656855604866855,1.6067283999547781,0.02548432228431003,ARK,4
INSANE,X11,PoW/PoS,18342813.0,30000000.0,-0.3937450854063626,1.2764745270609053,-0.5014357151909568,InsaneCoin,0
KLC,Scrypt,PoW,196297971.0,10000000000.0,-0.09355074513042193,-1.1718960627158213,-0.029361729921525116,KiloCoin,1
ATX,X11,PoW,824000000.0,500000000.0,-0.2165310289230732,-0.8599600549040218,0.0980595926989869,ArtexCoin,1
EMB,X13,PoW/PoS,92192822723.0,850000000.0,0.854821644560648,1.8377173413774732,-0.6983600283223255,EmberCoin,0
XEN,X11,PoW/PoS,3853326.77707314,3853326.77707314,-0.39410714160413224,1.2764776836121334,-0.5014316595187469,XenixCoin,0
FRE,PoS,PoS,50000000.0,50000000.0,-0.36503799800855957,1.6243076277084656,-0.07504765821568778,FreeCoin,0
PLNC,Scrypt,PoW/PoS,17089600.0,38540000.0,-0.33032700292360523,0.9686167051534598,-0.6287227146514025,PLNCoin,0
ARCO,Scrypt,PoW/PoS,2449577.41533168,42000000.0,-0.33048124693193254,0.9686080390996128,-0.6287194879103275,AquariusCoin,0
KURT,X11,PoW,61364813.0,228000000.0,-0.22776837513024345,-0.860232047178934,0.09824086618688854,Kurrent,1
XCRE,PoS,PoS,20000000.0,20000000.0,-0.3656167133023209,1.624304586406925,-0.07503996473219642,Creatio,0
ENT,X11,PoW/PoS,6069482.07721352,60000000.0,-0.3936824992148382,1.2764565092229094,-0.5014338001307493,Eternity,0
EUC,SHA-256,PoW/PoS,12416554.0,20000000.0,-0.3084619546671921,0.8199700682963539,-0.4038342410765862,Eurocoin,0
BCF,Scrypt,PoW/PoS,20244023.640728,33000000.0,-0.3303277192491926,0.9686204747933812,-0.6287232701260147,BitcoinFast,0
XSN,X11,TPoS,75590369.0,76500000.0,-0.38987788831165887,0.9645509553753283,-0.045570331577667676,Stakenet,0
BCCOIN,Scrypt,PoW/PoS,11080722.3769581,28000000.0,-0.3304750029225687,0.9686178938943224,-0.6287210415785516,BitConnect Coin,0
MONEY,Scrypt,PoW/PoS,10914418.0,650659833.0,-0.3260678679682369,0.9683707462495205,-0.6287391566861724,MoneyCoin,0
XNG,X11,PoW/PoS,814671.0,5000000.0,-0.39413612176144236,1.2764757148691617,-0.501431002275441,Enigma,0
XCI,CryptoNight,PoW,978145.0,21000000.0,0.2990287990627866,-2.2892711585564234,0.4393856554408542,Cannabis Industry Coin,1
RC,Scrypt,PoW/PoS,8377873.0,144000000.0,-0.32968658620055674,0.9685705198605041,-0.628723809074903,Russiacoin,0
PND,Scrypt,PoS,33813143821.8337,32514916898.0,0.34884241233306756,0.8030288456250184,-0.30933479485018917,PandaCoin,0
UNITS,Scrypt,PoW/PoS,3472983.0,13000000.0,-0.33067410601047365,0.9686200558170459,-0.6287188750653963,GameUnits,0
GAKH,Scrypt,PoW/PoS,3315789.0,3315789.0,-0.3307446008707783,0.968623820100227,-0.6287185570042164,GAKHcoin,0
ASAFE2,Quark,PoS,10517772.7391666,15000000.0,-0.3612681656908984,1.5287316343921042,-0.20807018354285423,Allsafe,0
LTCR,QuBit,PoW/PoS,30227750.0,78835200.0,-0.3469067800692975,0.5930378140582122,-0.37500078243052265,LiteCreed,0
OS76,Scrypt,PoW,894026.0,2714286.0,-0.16672906124473355,-1.1680265897172883,-0.029025856466356963,OsmiumCoin,1
BIC,CryptoNight,PoW,9357088.0,25000000.0,0.29915942506776966,-2.2892685716086842,0.43938363432841476,Bikercoins,1
HXX,Lyra2RE,PoW,1876146.4435959999,9999999.0,-0.1579604175200606,-2.1436203252387247,0.45261310839556357,HexxCoin,1
KED,Scrypt,PoW/PoS,23965372.0,500000000.0,-0.32697537371672036,0.9684370280110576,-0.628737730802593,Klingon Empire Darsek,0
IOP,SHA-256,PoW/PoS,2526078.47525448,21000000.0,-0.3085756295810566,0.819964744407575,-0.4038320221684595,Internet of People,0
KUSH,X11,PoW/PoS,5659096.95728771,9354000.0,-0.3940461431088189,1.2764764005769684,-0.5014322303280255,KushCoin,0
PRX,Scrypt,PoW/PoS,11821728.0,20000000.0,-0.33052260516739,0.968621437353081,-0.6287209767753987,Printerium,0
PAC,X11,PoW,536982074.0,100000000000.0,0.4845419344510083,-0.8995835789737734,0.09522402630041496,PacCoin,1
IMPCH,Scrypt,PoW/PoS,308179.0,21933333.0,-0.33064948762546326,0.9686149345675469,-0.628718416159967,Impeach,0
CTL,CryptoNight-V7,PoW,10969318.522954,185000000.0,-0.14833722610171354,-2.2308866307587496,0.45011352049540876,Citadel,1
ZBC,Scrypt,PoS,2922613.96424908,55000000.0,-0.2938122451068292,0.7990654899783672,-0.30070354874514577,Zilbercoin,0
FRST,Scrypt,PoW/PoS ,110000000.0,110000000.0,-0.28706188486370526,0.16929718391801307,-0.3836122430629324,FirstCoin,0
BVC,Scrypt,PoW,3115258.0,3360000.0,-0.1666973690712683,-1.1680257393872968,-0.02902638016772504,BeaverCoin,1
FIND,X13,PoS,14524851.4827,14524851.4827,-0.2399587100978421,1.622591121245198,-0.3493675203799105,FindCoin,0
VLTC,X11,PoW,30385540.0,1000000000.0,-0.22267994153895238,-0.8605538013890335,0.09822540089741888,VaultCoin,1
ZER,Equihash,PoW,6921653.89980891,17000000.0,-0.142459761802206,-2.004875924864962,0.3893372897220927,Zero,1
CHAT,Scrypt,PoW/PoS,1000000000.0,1000000000.0,-0.3115180543389073,0.968724860674442,-0.628974156121664,OpenChat,0
CDN,Scrypt,PoW,99843408.3158479,100000000.0,-0.16483205794855513,-1.16801589842777,-0.029051183478727434,Canada eCoin,1
ZOI,Lyra2RE,PoW,18545757.5,21000000.0,-0.15767899974555782,-2.1436163856873103,0.45260899877372845,Zoin,1
RNS,Scrypt,PoS,36050365.0,34426423.0,-0.2935534625903621,0.7990901564767087,-0.3007104787402328,RenosCoin,0
DBIX,Dagger-Hashimoto,PoW,2232901.0,2232901.0,-0.15444245689406955,-2.2131529333480984,0.41983176196715977,DubaiCoin,1
XVP,X11,PoW/PoS,13162749.085802699,100000000.0,-0.39331264802812943,1.2764441712734642,-0.5014365785518864,VirtacoinPlus,0
TAJ,Blake2S,PoW/PoS,12184195.9258495,36900000.0,-0.38793619170735355,1.7448222967422804,-0.7251956710316572,TajCoin,0
IMX,X11,PoW/PoS,110630387.85047099,110000000.0,-0.39205182155082086,1.2764887584513376,-0.5014590240590919,Impact,0
EB3,Scrypt,PoW,64096052.0,4000000000.0,-0.13765191313161468,-1.169581185058188,-0.029156758128445863,EB3coin,1
ATMOS,PoS,PoS,111135836.889,110290030.0,-0.3638646458579614,1.6243141610661385,-0.07506331180892038,Atmos,0
HPC,X11,PoW/PoS,21521322.0099142,100000000.0,-0.39321059544213416,1.2764483352309686,-0.5014384784190473,HappyCoin,0
CXT,NIST5,PoW,10123200.0,48252000.0,-0.18297079429960486,-0.664928368454016,-0.015758541429595756,Coinonat,1
MCRN,PoS,PoS,401421401.0,400000000.0,-0.35826896522563023,1.624343817653537,-0.07513773860133337,MacronCoin,0
RAIN,X11,PoW/PoS,121665451.643876,500000000.0,-0.3891554311877738,1.2763395078947988,-0.501472902267737,Condensate,0
IMS,Scrypt,PoW/PoS,5368934.0,21212121.0,-0.3305928062219638,0.968617741833274,-0.6287195454214214,Independent Money System,0
ARGUS,Scrypt,PoW/PoS,1148324.0,28600000.0,-0.330592022157823,0.9686127078367452,-0.6287188014800185,ArgusCoin,0
LMC,Scrypt,PoW/PoS,500000.0,1000000000.0,-0.32372128096961844,0.9682269436779046,-0.6287469741320422,LomoCoin,0
PROC,SHA-256,PoS,100545745.0,75000000000.0,0.2601319784737508,0.620725078430179,-0.07802379961746728,ProCurrency,0
XGR,X11,PoW/PoS,17171382.0,40000000.0,-0.3936885760105756,1.2764699756001008,-0.5014357404679237,GoldReserve,0
BENJI,Scrypt,PoW,20276099.146523997,35520400.0,-0.1662601131434936,-1.168029951342924,-0.029031218350316627,BenjiRolls,1
GRW,Scrypt,PoS,295135466.361878,2000000000.0,-0.2764716294087457,0.7984393052012225,-0.30082667161656795,GrowthCoin,0
ILC,SHA-256,PoW,1317747500.0,2500000000.0,-0.11091404694384867,-1.317013139767712,0.19548889398512737,ILCoin,1
PHR,PoS,PoS,11390225.974277198,30000000.0,-0.36565102110083086,1.6242963294159372,-0.07503829930624373,Phreak,0
DEA,Scrypt,PoW/PoS,21358764.0,105000000.0,-0.3298042641631475,0.9685924612851837,-0.6287256225761189,Degas Coin,0
HTML5,X15,PoW/PoS,40659020000.0,90000000000.0,0.8952416180918734,1.8366434482421068,-0.6639775332074022,HTML5 Coin,0
USC,SHA-256,PoS,10343113.0,200084200.0,-0.2706408905861136,0.650359953373327,-0.07582259424956722,Ultimate Secure Cash,0
EQT,Scrypt,PoW,13673406.4325268,72000000.0,-0.16608240904723567,-1.1680477152976618,-0.02903078110647752,EquiTrader,1
QTUM,POS 3.0,PoS,100000000.0,100000000.0,-0.35756470352516473,1.601436573715743,-0.1354188687483137,QTUM,0
QRL,CryptoNight-V7,PoW,69036016.8340164,105000000.0,-0.1481947648244028,-2.2308259607503738,0.4501026544931838,Quantum Resistant Ledger,1
ESP,536,PoW/PoS,22801882871.0,50000000000.0,0.578099021393001,1.9199791541632416,-0.7989823631127266,Espers,0
DYN,Argon2d,PoW,19784224.6512734,0.0,-0.14696161246523612,-2.281650662550793,0.4123735538712608,Dynamic,1
NANO,Blake2b,PoW,133248297.0,340282367.0,-0.02458943961835049,-2.228166984450264,0.45125276695600336,Nano,1
CHAN,Cloverhash,PoW,18407259.0885883,30000000.0,-0.15127448237270552,-2.20060183924153,0.4720151189237991,ChanCoin,1
DCY,CryptoNight,PoW,1809467143.0,2000000000.0,0.33512289262814926,-2.2891554768288502,0.4389168983867642,Dinastycoin,1
DNR,NIST5,PoW/PoS,4171382.0,10000000.0,-0.34736369834014114,1.4717332865861295,-0.6154482059612915,Denarius,0
DP,X11,PoW,35138975.0,100000000.0,-0.22899496592235768,-0.8601943229635549,0.09825055889342492,DigitalPrice,1
VUC,NIST5,PoW/PoS,62942075.0,120000000.0,-0.3458672178442622,1.4717189173220842,-0.6154647712027697,Virta Unique Coin,0
BTPL,Skein,PoW/PoS,6804362.0,100000000.0,-0.4064203944407247,1.8569630831382138,-0.735331714256148,Bitcoin Planet,0
UNIFY,Scrypt,PoW,18133195.0,19276800.0,-0.16640130040116735,-1.1680245735774082,-0.029030257714687667,Unify,1
BRIT,X13,PoW/PoS,21268092.0,30000000.0,-0.2763379683961756,1.7921259666348985,-0.6773859299325221,BritCoin,0
SOCC,Scrypt,PoW,5167775.0,75000000.0,-0.16616501358379307,-1.1680531428828116,-0.029028935274996052,SocialCoin,1
ARC,X11,PoW,26042364.373555303,60000000.0,-0.2293892765949973,-0.860182983011946,0.09825379266582666,ArcticCoin,1
DAS,X11,PoW,2622886.0,18900000.0,-0.22996624920142061,-0.8601783417589131,0.09826031403277646,DAS,1
LINDA,Scrypt,PoW/PoS,9044930943.24243,50000000000.0,0.13368291909201369,0.9532898936666782,-0.6322312706298794,Linda,0
XLC,CryptoNight,PoW,14161803.0,54000000.0,0.29942344160136414,-2.2892776849541345,0.43938169677710026,LeviarCoin,1
ONION,X13,PoW/PoS,21917018.0492836,18898187.6216583,-0.2764086593581297,1.7921306949888902,-0.6773857537704282,DeepOnion,0
BTX,Time Travel,PoW,17801865.1605478,21000000.0,-0.15712866807829204,-2.0650490285676724,0.4203799268517916,Bitcore,1
GCN,Scrypt,PoW,163055097500.0,200000000000.0,3.240270207026568,-1.1661553117254042,-0.07191804890486785,gCn Coin,4
SMART,Keccak,PoW,2241009149.22257,5000000000.0,-0.11670433526785313,-1.2110549379166153,0.1520506440734961,SmartCash,1
SIGT,SkunkHash v2 Raptor,PoS,107972766.0,137500000.0,-0.3543314471409668,1.6193637774371545,-0.11477939750811407,Signatum,0
ONX,X11,PoW,122475638.389743,1100000000.0,-0.2208474651690292,-0.8605476041619063,0.09820155383857626,Onix,1
CRM,Skein,PoW/PoS,47331802.477423795,100000000.0,-0.40592558149334235,1.8569832725343518,-0.7353409259665652,Cream,0
BCH,SHA-256,PoW,17995589.6469082,21000000.0,-0.14433739011122748,-1.316676991254019,0.19585659422472682,Bitcoin Cash,1
XMCC,X11,PoW/PoS,12569262.535930699,9507271.0,-0.39396068926864736,1.2764797821707616,-0.5014338054469496,Monoeci,0
DFT,Scrypt,PoS,18663297.348979898,17405891.19707116,-0.2938862724833736,0.7990882483953291,-0.3007060305222189,Draftcoin,0
VET,VeChainThor Authority,Proof of Authority,55454734800.0,86712634466.0,4.47505518866922,2.3975772255851417,1.4726540122387637,Vechain,4
SOJ,Scrypt,PoW,485214.0,10500000000.0,-0.09240089870484618,-1.1721920046700849,-0.029331799442239577,Sojourn Coin,1
STCN,PoS,PoS,4000000.0,61599965.0,-0.36551748582548343,1.6242801093260988,-0.07503754079956745,Stakecoin,0
NYC,Scrypt,PoW,143006669741.68698,0.0,1.579256611417295,-1.096784886072316,-0.06153036628355152,NewYorkCoin,1
FRAZ,Scrypt,PoW,9704042.0,20000000.0,-0.166499093614404,-1.1680290596535785,-0.029028362889020463,FrazCoin,1
KRONE,Scrypt,PoW,17453749.4042601,84000000.0,-0.1659512794455317,-1.1680505935313628,-0.029031990207690282,Kronecoin,1
ACC,Scrypt,PoW,32646731.063036,100000000.0,-0.16565248444314926,-1.1680493735330375,-0.029035909967137376,AdCoin,1
LINX,Scrypt,PoW,33716526.0,100000000.0,-0.16563942296234468,-1.1680488405974878,-0.029036153126859497,Linx,1
XCXT,Scrypt,PoW/PoS,19539588.0,48252000.0,-0.330228317802891,0.9686140720360973,-0.6287235546648114,CoinonatX,0
ETHD,Scrypt,PoW/PoS,4200000.0,4200000.0,-0.33072754398982457,0.9686239097386362,-0.6287187837596407,Ethereum Dark,0
SUMO,CryptoNight,PoW,8946653.0,88888888.0,0.29960682255069787,-2.289294126504559,0.4393818650138528,Sumokoin,1
ODN,SHA-512,PoS,25000000.0,91388946.0,-0.3319321760308463,1.5607548089025782,-0.17015293690897007,Obsidian,0
ADA,Ouroboros,PoS,25927070538.0,45000000000.0,0.6577608489075534,1.4673251354134211,-0.11186750010664429,Cardano,0
REC,X11,PoW/PoS,7262402.04264803,27000000.0,-0.3939016133501278,1.276470197544103,-0.5014331092004483,Regalcoin,0
BTCZ,Equihash,PoW,5211553258.01514,21000000000.0,0.06966967810288877,-2.010608985116619,0.38754256522109815,BitcoinZ,1
TZC,NeoScrypt,PoW/PoS,182638400.0,400000000.0,-0.33442251477741247,0.48868581954193285,-0.3529341315542261,TrezarCoin,0
ELM,X11,PoW,2702855668.85288,1800000000.0,-0.18438592555961567,-0.8595398989114005,0.09759463704612317,Elements,1
TER,Scrypt,PoW/PoS,1140734.91680375,15733333.0,-0.33068322598112554,0.9686178094127057,-0.6287184246426587,TerraNovaCoin,0
VIVO,NeoScrypt,PoW,4165967.57499639,27000000.0,-0.1751934563281051,-1.6479045289855079,0.2468094413686338,VIVO Coin,1
RUP,Lyra2REv2,PoS,24000000.0,24000000.0,-0.3147586083163293,0.6377652655556445,-0.06390140200123737,Rupee,0
BTG,Equihash,PoW,17202361.088994,21000000.0,-0.1423059165281896,-2.0048723905228125,0.38933483634694976,Bitcoin Gold,1
WOMEN,Scrypt,PoW/PoS,48459472454.0,25000000000.0,0.4378786518988471,0.9828446153283119,-0.6404611786602059,WomenCoin,0
MAY,SHA-256,PoW/PoS,92050800.0,100000000.0,-0.3069231794955876,0.8199779962275593,-0.4038546738982747,Theresa May Coin,0
NAMO,NIST5,PoW/PoS,560563220.0,1200000000.0,-0.33214392364954426,1.4715382827865233,-0.6156093644353796,NamoCoin,0
LUX,PHI1612,PoW/PoS,8305775.31777569,60000000.0,-0.39735513382332943,1.829134034799702,-0.6045823855285298,LUXCoin,0
PIRL,Dagger,PoW,33986980.0,156306732.71,-0.15094312798941972,-2.2158274169706775,0.466937574221198,Pirl,1
XIOS,Scrypt,PoW/PoS,2149688.0,21000000.0,-0.33063361312956596,0.9686162222814712,-0.6287188075167138,Xios,0
BTDX,Quark,PoW/PoS,30711550.5294042,200000000.0,-0.3962827661907491,1.6982059147256388,-0.5360965926396047,Bitcloud 2.0,0
EBST,Scrypt,PoW,99990001.493466,100000000.0,-0.16483026814388382,-1.1680158254000212,-0.029051216798717187,eBoost,1
KEK,POS 2.0,PoS,12330806.30517,21000000.0,-0.3680657641291664,1.6830639655442838,-0.11799341078923203,KekCoin,0
BLHC,Scrypt,PoW/PoS,16362544.992,14788275.990999999,-0.3305040699763565,0.9686257673907221,-0.6287218569416682,BlackholeCoin,0
XIN,SHA-256,PoS,8999999990.0,9000000000.0,-0.09856941700743092,0.6513465825244596,-0.0781224551330355,Infinity Economics,0
PURA,X11,PoW,175215859.0,350000000.0,-0.2255144262147188,-0.8602237387518021,0.09821143157571756,Pura,1
INN,NeoScrypt,PoW,6375259.04,45000000.0,-0.17503902114375633,-1.6479105705999482,0.2468084144377011,Innova,1
ELLA,Ethash,PoW,12756367.0,280000000.0,-0.15144105165517602,-2.0456748845549524,0.4184576770458077,Ellaism,1
GBX,NeoScrypt,PoW,5832306.875,31800000.0,-0.17513912178275995,-1.6479056034607271,0.24680892267868154,GoByte,1
MAG,X11,PoW/PoS,38198594.8342105,144000000.0,-0.39269540523929247,1.276439184550681,-0.5014435518581446,Magnet,0
TAU,DPoS,DPoS,288090567.493887,500000000.0,3.770537320513944,1.606669218284778,0.025432501737184234,Lamden Tau,4
ECA,NIST5,PoW/PoS,28399150208.0,30000000000.0,0.21168454838518025,1.473978988914498,-0.6227765836036822,Electra,0
BCD,X13,PoW/PoS,183534024.88980702,210000000.0,-0.2730821977341879,1.7921353799334552,-0.6774280599573821,Bitcoin Diamond,0
XSH,Multiple,PoW,481730566.566176,660000000.0,-0.1160643226582883,-1.8609215534964902,0.4019033403319528,SHIELD,1
CNBC,Scrypt,PoW/PoS,110976977.29338,210000000.0,-0.327966561964814,0.9685954431561954,-0.6287490535553241,Cash & Back Coin,0
XUN,CryptoNight,PoW,19281821413.4924,85000000000.0,1.1361864695857666,-2.3133848596100566,0.4325257420667268,UltraNote,1
COAL,CryptoNight,PoW,4500000.0,12500000.0,0.29901160854004605,-2.289266031378152,0.4393851027459813,BitCoal,1
DAXX,Ethash,PoW,520891780.0,10000000000.0,-0.07640800307639294,-2.0492785413226846,0.41805880502792436,DaxxCoin,1
BWK,NIST5,PoS,13247178.880728599,27716121.0,-0.3105562668694753,1.3021931517616314,-0.2874343596589095,Bulwark,0
KLKS,Quark,PoS,16955764.902064003,20000000.0,-0.3611541562192198,1.5287328576346126,-0.2080717926394481,Kalkulus,0
AC3,X11,PoW,80316207.0,550000000.0,-0.2252568518067592,-0.8603503724117034,0.09822717109015747,AC3,1
LTHN,CryptoNight-V7,PoW,441250233.377,999481516.0,-0.1373162948655282,-2.2309954570030124,0.4499919742793724,Lethean,1
GER,Scrypt,PoW/PoS,4911500269.41,50000000000.0,0.08321649460465987,0.9512307587126914,-0.6312917598700544,GermanCoin,0
LTCU,Scrypt,PoW/PoS,8419402.321,150000000.0,-0.329643592084344,0.9685681598128338,-0.6287239934372101,LiteCoin Ultra,0
POP,Scrypt,PoW,3964201248.87125,4999999999.0,-0.08295305820375733,-1.1680350743034835,-0.030072388837496362,PopularCoin,1
PNX,X11,PoW/PoS,45174214.1078625,50000000.0,-0.3932758683711775,1.2764799577675736,-0.5014423969276205,PhantomX,0
PHO,BLAKE256,PoW,30089671530.5228,90000000000.0,1.0965518910288006,-1.2142277914384954,0.165014108940954,Photon,1
SUCR,X11,PoW,4229040.50393462,19800000.0,-0.22994026606832285,-0.860177898737646,0.09825992272243361,Sucre,1
SPK,NeoScrypt,PoW,7847417.33355824,21000000.0,-0.17519099535932606,-1.6479003142759452,0.24680877951403787,SparksPay,1
WAGE,Quark,PoS,27299680.0,120000000.0,-0.36031974608331924,1.528698331686089,-0.2080770591474511,Digiwage,0
GUN,NeoScrypt,PoW,299797953.0,500000000.0,-0.16823459004779195,-1.647944936526347,0.24672845575485436,GunCoin,1
IRL,Scrypt,PoW,45483049.3398182,64000000.0,-0.16575068400652712,-1.1680286944976694,-0.029037778069040725,IrishCoin,1
TROLL,Scrypt,PoW/PoS,591022748.0,900000000.0,-0.31721951095081835,0.9685608010163325,-0.6288782819952449,Trollcoin,0
LCP,Scrypt,PoW/PoS,2504486.227718,4000000.0,-0.33074966131488703,0.9686231444490597,-0.6287183925459946,Litecoin Plus,0
MONK,X11,PoS,4407252.0,21000000.0,-0.35740778884915503,1.1069335294310607,-0.17341585963054065,Monkey Project,0
PCOIN,X11,PoW,8478104.33969947,23000000.0,-0.2298657280690664,-0.8601770517241301,0.09825886363656128,Pioneer Coin,1
UBTC,SHA-256,PoW,20166000.0,20166000.0,-0.14431679655504293,-1.3166755791068747,0.19585612521420157,UnitedBitcoin,1
ITZ,C11,PoW,11916588.09471,23000000.0,-0.1934244428865828,-1.2522500598901105,0.14399987447814483,Interzone,1
TPAY,POS 3.0,PoS,20445861.534425102,25000000.0,-0.3590670947448637,1.601426701744586,-0.1353985999037797,TokenPay,0
MCT,Ethash,PoS,1618033.0,1618033.0,-0.28102651170160153,-0.07845815875516177,0.14679261777443614,1717 Masonic Commemorative Token,0
MBC,Scrypt,PoW and PoS,9399342.52839847,30000000.0,-0.29870687277610686,0.2624729415202073,-0.3991094533771946,My Big Coin,0
TRTL,CryptoNight,PoW,53139835213.77,1000000000000.0,8.028848500661397,-2.6595802114363325,0.3981542250090553,TurtleCoin,4
MUN,SkunkHash,PoW,4818338.98949984,16600000.0,-0.13789483093038185,-2.289565814695592,0.5007203516920269,MUNcoin,1
USX,Scrypt,PoW/PoS,234846265.78215697,232000000.0,-0.3262984148573051,0.9686484212680676,-0.6287778498880804,Unified Society USDEX,0
NBR,CryptoNight,PoW,133932467.77410801,336000000.0,0.30288265366295947,-2.2893299138715744,0.4393462520524432,Niobio Cash,1
SSS,Scrypt,PoW,10000000000.0,10000000000.0,0.02614590087242933,-1.1670121909106925,-0.03159006862348399,ShareChain,1
TRF,Dagger,PoW,107325266.02778299,100000000.0,-0.15044643458342769,-2.215768540411721,0.4669225463046416,Travelflex,1
KREDS,Lyra2REv2,PoW,643795911.540095,1100000000.0,-0.17209377059662737,-1.3294647340350185,0.20760205845166582,KREDS,1
TOKC,X13,PoS,230298925.0,800000000.0,-0.23176216321852905,1.6223869443867787,-0.34943946448051755,Tokyo Coin,0
BBP,Proof-of-BibleHash,POBh,1772091549.88818,5200000000.0,-0.18515191838525852,3.107604318586688,14.00370519029442,BiblePay,2
LCC,SHA-256 + Hive,PoW + Hive,638382332.208514,840000000.0,-0.296449350880318,1.6556659833139507,10.317313321479315,LitecoinCash,2
FLIP,Scrypt,PoW,12446100.00278,40000000.0,-0.1663239913499005,-1.1680356294405245,-0.02902956922308756,BitFlip,1
LOT,Scrypt,PoW,14491014421.0,18406979840.0,0.14050950865180703,-1.1681107200265837,-0.032855952121085975,LottoCoin,1
CIF,X11,PoW,211297638.500483,500000000.0,-0.22401171504068262,-0.8602652824373976,0.09819885727280528,Crypto Improvement Fund,1
SPD,C11,PoW/PoS,11251342.1879021,19340594.0,-0.35750784508426847,0.8844005027676417,-0.4556920001743162,Stipend,0
POA,Proof-of-Authority,PoA,204479039.0,252460800.0,-0.4112744667385237,3.5344600067472642,14.756135287851526,Poa Network,2
PUSHI,X11,PoW/PoS,2167827.1,25000000.0,-0.39397797706040805,1.2764684531783999,-0.5014318929181647,Pushi,0
ELP,XEVAN,PoW/PoS,419275.38,60000000.0,-0.28963877780384434,1.5326644389856905,-0.5943982123193493,Ellerium,0
VLX,Scrypt,PoS,25570013.1348022,124000000.0,-0.29304713419115275,0.7990493936784774,-0.30071070801322336,Velox,0
ONT,VBFT,PoS,650848625.0,1000000000.0,-0.3210551351965761,1.4677821697992905,-0.11755988583575036,Ontology,0
CLO,Ethash,PoW,247612453.0,6500000000.0,-0.10452868565107805,-2.048025917048201,0.41822295856970454,Callisto Network,1
TUBE,CryptoNight,PoW,80049082.9057215,1000000000.0,0.3069266760868665,-2.2896202248822415,0.439339141379406,BitTube,1
PSD,Scrypt,PoW,4070212.1493015997,21000000.0,-0.16656079773102278,-1.16803226302587,-0.029027111497885595,Poseidon,1
ADK,IMesh,PoW,25000000.0,25000000.0,-0.16030240170155072,-2.1119329021867266,0.40286393386930774,Aidos Kuneen,1
BSX,NIST5,PoW/PoS,13787854.6277781,50000000.0,-0.34696304050009885,1.4717222056121355,-0.6154515578960582,Bitspace,0
BRIA,Scrypt,PoW/PoS,845637.81347436,3000000.0,-0.33077699592324267,0.9686227148564102,-0.6287179863431747,Briacoin,0
IC,Scrypt,PoW/PoS,1182153.5,5000000.0,-0.33075872493474806,0.9686220889183873,-0.6287181211393467,Ignition,0
BTL,Equihash,PoW,71355477.0,70000000.0,-0.14129776544901346,-2.0048648559560784,0.38932109904314804,Bitrolium,1
MEDIC,Scrypt,PoS,267297676.3125,500000000.0,-0.2874332779535441,0.799020621400823,-0.30077661348992646,MedicCoin,0
ALPS,Lyra2Z,PoW,27340501.6514783,300000000.0,-0.15088302955844773,-2.223887181365329,0.4171716911070754,Alpenschillling,1
BITG,Green Protocol,PoS,9803691.3618195,21000000.0,-0.3616195413670372,1.6661325808414058,-0.14868363888405428,Bitcoin Green,0
DEV,PoS,PoS,21876586.8530324,88000000.0,-0.3651122812940193,1.6242785395822548,-0.07504237373143584,Deviant Coin,0
ABJ,Scrypt,PoW/PoS,9880502.37178894,30000000.0,-0.33047549444924873,0.9686165024067047,-0.6287208270814049,Abjcoin,0
SEM,Semux BFT consensus,DPoS,1231147.0,100000000.0,3.967175773677324,1.6073121892671827,-0.027882892266035332,Semux,4
FTO,X11,PoW,31801461.1867843,100000000.0,-0.22903571473420942,-0.8601959855997268,0.09825131749575455,FuturoCoin,1
CARE,Quark,PoW/PoS,139739596.506702,200000000.0,-0.39495160665681756,1.6982602287998672,-0.536121374238814,Carebit,0
NZL,PoS,PoS,11075254.0929996,80000000.0,-0.3653008077720942,1.624276333039552,-0.07503968540512276,Zealium,0
XMC,CryptoNight,PoW,16016864.0,18400000.0,0.29919400070124175,-2.2892626351243974,0.43938231300554464,Monero Classic,1
PROTON,X16R,PoS,4403800.0,45000000.0,-0.3235778277440426,0.7110544405240234,-0.06625169778656229,Proton,0
DEAL,Scrypt,PoW/PoS,1404157529.46026,5121951220.0,-0.27739528882648423,0.9672906518534773,-0.6291861899570095,iDealCash,0
JUMP,NIST5,PoW,21069346.252259802,21000000.0,-0.18303012544995703,-0.6649121021515699,-0.015760234941193642,Jumpcoin,1
INFX,Lyra2RE,PoW,5097689.71077377,26280000.0,-0.15780580303803515,-2.1436251801063477,0.4526119015287402,Infinex,1
XBI,XEVAN,PoS/PoW,10904963.0923455,21000000.0,-0.24484842685233998,1.2905958665858128,-0.2929595967990479,Bitcoin Incognito,0
KEC,Tribus,PoW,795447.0,18000000.0,-0.14503851497157969,-2.2559916858939744,0.4374436937659195,KEYCO,1
HWC,Scrypt,PoS,38706809.466534995,26000000.0,-0.29358069818514293,0.7990948233422367,-0.3007108368761169,HollyWoodCoin,0
GIN,Lyra2Z,PoW,6986399.70430446,10500000.0,-0.1531815407068613,-2.223782450568329,0.4171847575343046,GINcoin,1
PLTC,CryptoNight,PoW,84300.0,600000518.0,0.30311789183010585,-2.2895013450855606,0.4393689785355163,PlatinCoin,1
LOKI,CryptoNight Heavy,PoW,19153632.0,150000000.0,0.575786021575249,-2.194098036706725,0.460867414747703,Loki,1
NCP,CryptoNight,PoW,41294520017.0,184000000000.0,2.1059834706356635,-2.3417010266398455,0.4246361242909723,Newton Coin,1
SIC,Scrypt,PoW/PoS,10200000000.0,10200000000.0,-0.1340453642521036,0.9696575264802391,-0.6313334910590155,Swisscoin,0
XT3,Scrypt,PoS,7630000.0154,44000000.0,-0.29383266403444336,0.7990721997213986,-0.30070429802152393,Xt3ch,0
MGD,Jump Consistent Hash,PoW,135862416.039898,168000000.0,-0.1487009971702995,-2.1584349431010286,0.427230493648925,MassGrid,1
VIG,SHA-256D,PoW/PoS,33238183.7225834,100000000.0,-0.33543334582924117,1.9162544915140385,-0.7644095491579079,TheVig,0
PLURA,CryptoNight,PoW,560085952.404637,1000000000.0,0.3127876052610461,-2.2893810867969107,0.4392300310931583,PluraCoin,1
EMAR,Scrypt,PoW/PoS,21599339.6728,84000000.0,-0.3299500316434658,0.9686009137084162,-0.628725065027862,EmaratCoin,0
DKD,X15,PoS,30284196.369129,90000000.0,-0.2009056649891884,1.6825412951957996,-0.3241051538592918,Dekado,0
LYNX,Scrypt,HPoW,77872059787.8998,92000000000.0,2.2380168859258927,0.17242555876795718,-0.4642156066424206,Lynx,4
POSQ,Quark,PoS,2716264.95302831,650000000.0,-0.3568668685393108,1.528475786700968,-0.20808692296496142,Poseidon Quark,0
BWS,SHA-256,PoS,57811001.000889,100262205.0,-0.2707681967799626,0.6504232085706635,-0.07583047330172557,BitcoinWSpectrum,0
MUSE,DPoS,PoS,18194936.0,18081806.0,1.0365755923138549,1.556320264894084,-0.051472976335248756,Muse,0
XMN,X16R,PoW,8125865.02097646,22075700.0,-0.19621651884106023,-1.256046424688095,0.20542383139673875,Motion,1
PLUS1,HMQ1725,PoW,8645406.16776286,21000000.0,-0.15023231638950296,-2.2393396741240332,0.4499647585216015,PlusOneCoin,1
AXE,X11,PoW,4993030.69736615,21000000.0,-0.22992244084474928,-0.8601779942908804,0.09825971408622089,Axe,1
TRVC,X16R,PoW/PoS,36923120.6205934,82546564.0,-0.35948608570818796,0.8805933689796377,-0.3942766095956353,Trivechain,0
DTEM,Quark,PoS,7082392.24744494,21000000.0,-0.3612676223184768,1.5287275422659035,-0.20806957761872913,Dystem,0
GIC,Quark,PoW/PoS,5919489.76813523,5151000.0,-0.39796522122280853,1.6982708781722344,-0.5360852769211832,Giant,0
PNY,Scrypt,PoS,1042012.45227735,16880000000.0,-0.17469437780383298,0.7923885721183109,-0.3011936341840951,Peony Coin,0
ABS,Lyra2REv2,PoW/PoS,13332617.9413708,52500000.0,-0.35125820737553937,0.807286269441249,-0.39191623391936736,Absolute Coin,0
VITAE,Quark,PoS,66053877.6256106,100000000.0,-0.3599882068152973,1.5287255735000183,-0.20808528473125842,Vitae,0
HEX,Scrypt,PoW,1416663.06600024,22105263.0,-0.1665853692263043,-1.168034023490614,-0.029026540580385236,HexCoin,1
TPC,Scrypt,PoW/PoS,5403802.49590733,1000000000.0,-0.323661408820334,0.968229386585969,-0.6287480887449564,TPCash,0
WEBC,CryptoNight-V7,PoW,15580199.3087496,1750000000.0,-0.1371988859848855,-2.23150530912518,0.4500668467461164,Webchain,1
RYO,Cryptonight-GPU,PoW,4890897.0,88188888.0,-0.14449031934088094,-2.243435903607653,0.42208535414208376,Ryo,1
URALS,XEVAN,PoW,14746153.0962884,210000000.0,-0.12435231235006937,-0.604037384301365,0.005286290717595919,Urals Coin,1
QWC,CryptoNight Heavy,PoW,99553110528.8022,184470000000.0,3.096231896890429,-2.2176498107365896,0.4328701498899713,Qwertycoin,4
ARE,X11,PoS,19269509.94,55000000.0,-0.35698557054930036,1.1069274424655395,-0.17342022898655018,ARENON,0
EUNO,X11,PoW/PoS,30771125.976086702,50000000.0,-0.393451720445869,1.2764727826376252,-0.5014391231685225,EUNO,0
MMO,Scrypt,PoS,107763867.917675,260000000.0,-0.29108056191217074,0.7990363765157084,-0.30073335523630884,MMOCoin,0
KETAN,PoS,PoS,9327131.59708692,210000000.0,-0.36440159797435445,1.6242238795672193,-0.07504307806010105,Ketan,0
PPAI,SHA-256,PoW,2100000000.0,2100000000.0,-0.10419573841221715,-1.3164647323619254,0.195322752929409,Project Pai,1
XDNA,Keccak,PoW/PoS,4672513.84432375,366000000.0,-0.3408720583713155,0.9263191589779,-0.44699808014495657,XDNA,0
PAXEX,X11,PoS,4504639.0,100000000.0,-0.356847186717849,1.1069022315863979,-0.17341818491735034,PAXEX,0
AZART,X11,PoW,5015881.37315389,25000000.0,-0.22989383713929545,-0.8601795700648951,0.0982595922771129,Azart,1
TSC,Scrypt,PoW/PoS,1059954080.4343901,18000000000.0,-0.1904060206816782,0.9620093086172005,-0.6294833982312098,ThunderStake,0
KCASH,SHA-512,Zero-Knowledge Proof,1000000000.0,1000000000.0,-0.3060175707355584,1.637773404416588,-0.21893319723531146,Kcash,0
XCG,X16R,PoW,9753753.61515394,100000000.0,-0.1956448475324491,-1.2560765332624626,0.20542118959434946,Xchange,1
AAC,ECC 256K1,DPOS,1000000000.0,1000000000.0,-0.38971408999128726,3.7993348897409724,16.79607095924763,Acute Angle Cloud,2
CRYP,Equihash,PoW,4235111504.0,7600000000.0,-0.03713981460565289,-2.0057784378323067,0.3881551672564393,CrypticCoin,1
BTXC,XEVAN,PoS,6787405.18013774,50000000.0,-0.25306066793761467,1.3631339527552544,-0.2663829425454638,Bettex coin,0
ACM,Lyra2Z,PoW,13634850.0,84000000.0,-0.152579900955161,-2.223808302553984,0.41718110356535476,Actinium,1
BSV,SHA-256,PoW,17992514.6469233,21000000.0,-0.14433742765492102,-1.3166769927858797,0.1958565949236609,Bitcoin SV,1
BITM,XEVAN,Pos,208515864.36734298,70000000000.0,0.5907634027081637,1.3608462049817909,-0.46997459843190015,BitMoney,0
JMC,X11,PoS,17209923728.3266,0.0,-0.14748864281312363,1.115513066697764,-0.1773259862354637,Junson Ming Chan Coin,0
FRED,CryptoNight,PoW,1867054873.2839699,8080000000.0,0.37887956555955354,-2.291539267893281,0.43872655376828945,FREDEnergy,1
HERB,Quark,PoW/PoS,35312185.7437239,54000000.0,-0.39726044757161366,1.698266137852834,-0.5360933818873268,HerbCoin,0
UMO,Blake,PoW,1578281.31341127,105120001.44,-0.15002227880555166,-2.173770983404238,0.46827882547614924,Universal Molecule,1
LIT,Blake,PoW,15846721.248274697,25228800.0,-0.15041379455293605,-2.17373217537264,0.4682779114550879,Lithium,1
PIRATE,Equihash,PoS,13475920.0,105000000.0,-0.26923479092658725,-0.03779576167871295,0.1176575275688177,PirateCash,0
EXO,Exosis,PoW,406091.925,21000000.0,-0.15386324918257985,-2.070295093940198,0.4247347323507203,Exosis,1
BLTG,Scrypt,PoW,35284717.173946,120000000.0,-0.16547865282685204,-1.1680559951650695,-0.02903709264611743,Block-Logic,1
OWC,Scrypt,PoW/PoS,14777549.394076401,21000000.0,-0.3304794353862412,0.9686225130536753,-0.628721677774519,Oduwa,0
BEAM,Equihash,PoW,35687520.0,262800000.0,-0.14036799613872278,-2.0049591255112915,0.38932358535916456,Beam,1
GALI,Quark,PoW/PoS,18265011.248600602,19035999.0,-0.39771616850469577,1.6982715188723823,-0.536088487805012,Galilel,0
BTH,Equihash,PoW,25150787.5,30886000.0,-0.14213886702624456,-2.0048723535460167,0.38933274148971386,Bithereum,1
CSPN,Quark,PoS,1934701.67524713,13370000.0,-0.36138450157000596,1.528728005363901,-0.20806818512753159,Crypto Sports,0
CREDIT,Scrypt,PoW/PoS,30825710000.0296,74800000000.0,0.5752248931821091,0.9542999628129522,-0.6379049612338783,Credit,0
SLC,QuBit,PoW,12925790.4226959,100000000.0,-0.18291878661628588,-1.5436286452059662,0.22469466574039146,SLICE,1
DASHP,X11,PoS,715659.44237941,19700000.0,-0.35746206625774657,1.106932206231039,-0.17341498264770117,Dash Platinum,0
NSD,Scrypt,PoW/PoS,20546528.2059957,84000000.0,-0.32996288576745664,0.9686003892334552,-0.6287248257284086,Nasdacoin,0
BEET,XEVAN,PoW/PoS,198938144.363399,500000000.0,-0.2840992766257463,1.5325887470332897,-0.5944561624696184,Beetle Coin,0
TTN,SHA-256D,PoW/PoS,896361168.0,5000000000.0,-0.29019741673584165,1.914740202235686,-0.7647485869269395,Titan Coin,0
AWR,X11,PoW/PoS,15420234.5389336,420000000.0,-0.3910191085217164,1.2763183232804443,-0.5014464208884084,Award,0
BLAST,SHA-256,PoW,52293836.62779579,64000000.0,-0.143614140775639,-1.316676966973331,0.19584754476888855,BLAST,1
XRC,X13,PoW,1170292.5,2100000.0,-0.11273154688568678,-0.34452241703122566,-0.07768841585342223,Bitcoin Rhodium,1
GLT,SHA-256,PoW,84613099.9999955,168000000.0,-0.14248310161832234,-1.3167021327062038,0.1958371667448425,GlobalToken,1
INSN,X11,PoW/PoS,23775960.3207514,30000000.0,-0.3936787503107416,1.2764772336706058,-0.5014369501216404,Insane Coin,0
ALX,DPoS,DPoS,1000000000.0,1000000000.0,3.7827698478762564,1.6068254727350058,0.025256110922787046,ALAX,4
LDOGE,Scrypt,PoW/PoS,15318887081.0146,35000000000.0,0.1040660506816335,0.9623672062226056,-0.6332200063054153,LiteDoge,0
SLR,Scrypt,PoW,55565076.3863525,98100000000.0,0.5285828258047502,-1.206923313823252,-0.031898192809658395,SolarCoin,1
TRK,X11,PoW/PoS,242574105.22384,0.0,-0.39121980662746153,1.2765981351655176,-0.5014858073710887,TruckCoin,0
UFO,NeoScrypt,PoW,3824685012.0,4000000000.0,-0.10041395142731534,-1.6475777201246578,0.24582522596092254,UFO Coin,1
OC,Scrypt,PoW/PoS,3537150.0,200000000.0,-0.32934914219561934,0.9685458881722578,-0.6287243414131702,OrangeCoin,0
BLC,Blake,PoW,23356790.1494191,7000000000.0,-0.10093250179990372,-2.1764959491225033,0.46807286327898795,BlakeCoin,1
BITS,Scrypt,PoW/PoS,20576532.0,54256119.0,-0.3301731411717109,0.9686122062358797,-0.6287239654006171,BitstarCoin,0
NEOS,SHA-256,PoS,4392258.24647793,21000000.0,-0.27198167372925275,0.650428047564727,-0.07581602065909512,NeosCoin,0
HYPER,Scrypt,PoW/PoS,9631199.99309942,0.0,-0.3306909736194539,0.9686282818935628,-0.6287198958016937,HyperCoin,0
PINK,X11,PoW/PoS,436353624.49031204,500000000.0,-0.38531329903044564,1.276496274868155,-0.5015444295165792,PinkCoin,0
CESC,Scrypt,PoW,780210700.0,1000000000.0,-0.1501521676350605,-1.1680340729467993,-0.029232066427028906,Crypto Escudo,1
ADC,Scrypt,PoW/PoS,980732528.97974,10500000000.0,-0.2444821015668335,0.9649457633391617,-0.6292467379261364,AudioCoin,0
NKA,SHA-256,PoW/PoS,17939725045.334,190000000.0,-0.08837770570019278,0.8288333910933862,-0.40791399623580377,IncaKoin,0
PIGGY,X11,PoW/PoS,494240666.028571,1000000000.0,-0.3810659477146966,1.2763267175479187,-0.5015721638947209,Piggy Coin,0
CRW,SHA-256,PoW,22986929.0854247,42000000.0,-0.14412774444600066,-1.3166828373146118,0.19585484748498977,Crown Coin,1
GEN,Scrypt,PoW/PoS,60000000.0,15000000.0,-0.3299697865757343,0.9686474220807718,-0.6287317817173825,Genstake,0
SMLY,Scrypt,PoW,29583989322.9213,50000000000.0,0.5485004544477198,-1.1731276861894395,-0.03720757645112847,SmileyCoin,1
MI,Scrypt,PoW/PoS,404316475.545465,400000000.0,-0.32303965893416636,0.9686661849653292,-0.6288212675678974,XiaoMiCoin,0
GRS,Groestl,PoW,73298203.8873662,105000000.0,-0.19336475358321129,-1.282631457476227,0.13282078112799117,Groestlcoin,1
CPC,X11,PoW/PoS,201364327.427503,208000000.0,-0.39025006533012396,1.2764950736648688,-0.5014825045613283,CapriCoin,0
CLUB,Scrypt,PoW/PoS,103621876.167052,160000000.0,-0.32841042175596774,0.9686116185623802,-0.6287459240823116, ClubCoin,0
RADS,PoS,PoS,3821245.74150193,9000000.0,-0.3658921380364778,1.6243008913833208,-0.07503596667999923,Radium,0
BTA,Scrypt,PoW,5052555.91981545,5000000.0,-0.1666621028264126,-1.16802542502574,-0.029026868319342765,Bata,1
PAK,Scrypt,PoW,69684455.4387001,182000000.0,-0.1646196219591374,-1.1680634593227364,-0.029046719092914945,Pakcoin,1
CRB,X11,Proof of Trust,16901016.6609755,16504333.0,-0.40330724650130706,0.9888612750574706,-0.0600652028154965,Creditbit ,0
OK,SHA-256,PoW/PoS,74676064.9488608,105000000.0,-0.30709990749953503,0.8199673567771074,-0.40385087046585716,OKCash,0
LSK,DPoS,DPoS,120012140.0,159918400.0,3.766077016796202,1.6067204280744327,0.025480619905624884,Lisk,4
XHI,Scrypt,PoS,10000244677.7002,10008835635.0,-0.10126674110613364,0.8000962406304865,-0.3032660886918059,HiCoin,0
XWC,Scrypt,PoW/PoS,252005564.19257003,300000000.0,-0.32560739116049275,0.9686299877718992,-0.6287837325809851,WhiteCoin,0
FSC,NeoScrypt,PoW/PoS,1120385.00502,60168145.0,-0.3390451383825183,0.4887302350888119,-0.35288296590719626,FriendshipCoin,0
FIII,SHA3-256,DPoC,-5917977547.96773,5000000000.0,-0.5429995312974697,3.168798673040252,9.200538129314658,Fiii,2
J,Multiple,PoW,3332922.5,2800000.0,-0.12655898849345393,-1.860899105006899,0.40203123791483575,JoinCoin,1
TRI,X13,PoW/PoS,140777.753365,120000.0,-0.27680750438866614,1.7921272977897116,-0.6773802566702524,Triangles Coin,0
VOLLAR,Equihash+Scrypt,PoW,100000000.0,2100000000.0,-0.13676559218990791,-2.090945384527476,0.47609734024998734,Vollar,1
EOS,DPoS,DPoS,1020544523.0722,0.0,3.7759395042690858,1.607232496681077,0.02528059505459098,EOS,4
RCC,Ethash,PoW,24487944.095820397,24487944.0,-0.15310714342011972,-2.045567655815613,0.4184624596600273,Reality Clash,1
OXY,DPoS,DPoS,1122382283.37,0.0,3.777182875223041,1.6072832287988774,0.025257447775948565,Oxycoin,4
TCH,SHA-256,PoS,1000000000.0,1000000000.0,-0.2528934952216887,0.65053556878527,-0.0760708595376116,TigerCash,0
WAVES,Leased POS,LPoS,100000000.0,100000000.0,-0.39500717739687996,2.622222186077667,9.912356975429498,Waves,2
PART,PoS,PoS,9283137.5558676,8634140.0,-0.36582804270977576,1.6243037574819088,-0.07503719747796704,Particl,0
BTT,TRC10,DPoS,989988713439.649,990000000000.0,34.0589471917585,1.9167617573509446,-0.42746842010358743,BitTorrent,3
NXT,PoS,PoS/LPoS,1000000000.0,1000000000.0,-0.3792469652063815,1.7978864905316347,0.12787895094382595,Nxt,0
ZEPH,SHA-256,DPoS,1999999995.3056,2000000000.0,2.4936509487807483,0.7010426660555299,0.0006535649383372782,ZEPHYR,4
GAP,Scrypt,PoW/PoS,14931046.1546605,250000000.0,-0.32885597141792655,0.9685317247567585,-0.6287283888866732,Gapcoin,0
BDX,CryptoNight,PoW,980222595.0,1400222610.0,0.3207512404596517,-2.2893305930466843,0.4391228678523287,Beldex,1
ZEN,Equihash,PoW,7296537.5,21000000.0,-0.14242686001015092,-2.0048773252681147,0.38933708789743676,Horizen,1
XBC,Scrypt,PoS,128326.99633965,1000000.0,-0.29422874512092445,0.7990855245849072,-0.30070133931004556,BitcoinPlus,0
